Question,label
"Paige had 43 math problems and 12 science problems for homework. If she finished 44 of the problems at school, how many problems did she have to do for homework?",3
"P and Q start at the same time in the same direction to run around a stadium. P completes a round in 252 seconds and Q in 198 seconds, both starting at the same point. After what time will they meet again at the starting point?",14
"It's spring break at Rosewood High so Rachel and her family decided to take a trip across Europe. Since Rachel has always been fascinated by the French people, they began their tour with a visit to France. During their stay there, Rachel went to the famous Eiffel Tower. If she climbed 567 flights of stairs going up and 325 going down, what is the total number of steps that she took?",2
A rectangle has an area of 360 square centimeters. It is 20 centimeters long. What is its perimeter?,12
Vanessa had to complete 3 pages of homework. Each page had 4 problems on it. How many problems did she have to complete total?,4
"It takes eight grams of plastic to make a ruler. If a company had eight hundred twenty-eight grams of plastic, how many entire rulers could they make?",10
Atomic fireballs come in packages of 9. Barbara ate 59 Atomic Fireballs. How many Atomic Fireballs does she have left?,10
A square piece of glass has an area of 64 square centimeters. How long is each side?,8
"April's discount flowers was having a sale where each rose was 4 dollars. If April started with 13 roses and had 4 roses left, how much money did she earn?",5
"Consider three consecutive positive integers. If the third number is subtracted from the sum of first two numbers, the difference is 10. Find the numbers.",13
Math Magazine charges $8 per square inch for advertising. Jason decides to order a half page ad. Each page of the magazine measures 9 inches by 12 inches. How much will Jason have to pay?,11
Haley watched TV for six hours on Saturday and three hours on Sunday. How many hours did Haley watch TV total?,18
Mrs. Hilt has 50 cents. A pencil costs 5 cents. How many pencils can she buy with the money she has?,4
Julia played tag with 12 kids on Monday. She played tag with 7 kids on Tuesday. How many kids did she play with altogether?,0
"At the edge of the forest, an anthill is blocking the way out. In order to pass through, he needs to help the ants gather food. If the ants need 911 grains of food and they already have 762, how many more grains are needed to be gathered?",2
"A vase can hold nine flowers. If you had four carnations and twenty-three roses, how many vases would you need to hold the flowers?",6
"If Mr. Brown and his son together had $220, and Mr. Brown had 10 times as much as his son, how much money had each?",13
"Charlie, an aspiring inventor, is planning to make some wings to fulfill his dream to fly around the world. He started by collecting feathers. He needs 900 feathers and he already has 387. How many more feathers does he need to collect?",2
"Kaleb has seventeen shirts. If he got rid of seven of them, how many shirts would Kaleb have?",0
"In Rina's desk drawer, there are 18 paper clips and 12 rubber bands. In Mia's office supply tray, there are 15 paper clips and 10 rubber bands. Who has a lower ratio of paper clips to rubber bands?",16
An architect was building a hotel downtown. He built it 3 stories tall with 8 rooms on each story. How many rooms does the hotel have totaled?,4
Cora sliced 18 kg of green apples for a party. She divided the apple slices equally between 5 large bowls. How many grams of apple slices did Cora put in each bowl?,7
An art museum had 15 pictures to split equally into 2 different exhibits. How many more pictures would they need to make sure each exhibit had the same amount?,18
One-third of a number minus seven gives eight. Find the number.,13
A lawn care company bought 4 lawnmower blade for $8 each. They also bought a spool of weed eater string for $7. How much money did they spend on supplies?,5
"There are 72 boys and 90 girls on the math team. For the next math competition, Mr. Johnson would like to arrange all of the students in equal rows with only girls or only boys in each row. What is the greatest number of students that can be in each row?",14
Collin baked 9 brownies with nuts on top and 34 brownies without nuts. What is the ratio of the number of brownies with nuts on top to the total number of brownies?,15
"There are three bosses in a computer game. Boss A appears every 1 hour. Boss B appears every 30 minutes. Boss C appears every 40 minutes. If the three bosses appear together at 10:10, at what time will the three bosses appear together again in the game?",7
67 medals are displayed in the sports center. There are 19 gold medals and 32 silver medals. How many bronze medals are displayed?,3
A chef used five potatoes to make fries for the lunch crowd. Later he used another two potatoes for the dinner crowd. How many potatoes did he use total?,18
Nancy had forty-three files on her computer. She deleted thirty-one of them and put the rest into folders with six files in each one. How many folders did Nancy end up with?,6
There are 43 empty seats and 7 occupied seats on an airplane. What is the ratio of the number of occupied seats to the total number of seats?,15
A pet store took ten birds out of a cage and had nine still left inside. How many birds were in the cage to start with?,0
"At the fair Kaleb bought 6 tickets. After riding the ferris wheel he had 3 tickets left. If each ticket cost 9 dollars, how much money did Kaleb spend riding the ferris wheel?",18
Girl Scout cookies come packed 12 boxes to a case. Scout Deborah sold 31 boxes of Lemon Chalet Cremes. How many boxes will not be packed to a case?,12
"If Lillian split 20 Skittles between 8 people in her class and kept the left overs, how many Skittles did each classmate get?",10
"Drew prepared 61 servings of butterscotch. If she expects her 6 sweet-tooth guests to share the butterscotch among them equally, how many will be left unconsumed?",10
"Adam had 5 dollars. At the store he spent $2 on a new game. If he got another 5 dollars for his allowance, how much money does he have now?",18
"Bianca wanted to drink exactly 5 bottles of water each day, so she bought 47 bottles when they were on sale. How many more bottles will she need to buy on the last day?",10
"At the zoo a cage had sixty-eight snakes. If forty-two were hiding, how many snakes were not hiding?",3
An art museum had 15 pictures to split equally into 2 different exhibits. How many more pictures would they need to make sure each exhibit had the same amount?,10
There are 3 more sections that are undeveloped. Each of the remaining sections has a land area of 2435 square feet. What is the total area of the undeveloped land?,9
Mrs. Hilt made 5 Rice Krispie Treats. She used 8 large marshmallows and 10 mini marshmallows. How many marshmallows did she use altogether?,0
Mrs. Hilt reads 13 books on every day that starts with the letters T and S. How many books does she read in one week?,4
"Jenny goes to dance class every 6 days, karate class every 12 days, and to the library every 18 days. On December 1st she went to both classes and the libary. How many days from December 1st will she do both classes and go to the library?",14
"Mr. Lee wants to load 134 tons of his fruits. A large truck can load 15 tons of fruits and small truck can load 7 tons. In order to use the least number of trucks and have every truck fully occupied, how many small trucks should be used?",12
"There are 5 boys and 4 girls in a classroom. After 3 boys left the classroom, another 2 girls came in the classroom. How many children were there in the classroom in the end?",18
The grasshopper and the frog had a jumping contest. The grasshopper jumped 25 inches. The frog jumped 15 inches farther than the grasshopper. How far did the frog jump?,11
"The friends then proceeded to the rest of the houses in their village. However, Sam had to go home earlier. She got her share of candies which are composed of 10 chewing gums, 15 chocolate bars, and 20 assorted fruit candies. How many candies did she get in total?",3
"A chess club has 3 members. If 4 new members are enrolled, how many total members are there in the chess club?",18
"A flash drive could hold nine gigs of data. If you needed to store four hundred sixty-two gigs, how many flash drive would you need?",10
"Sarah had some trucks. She gave 13 to Jeff, and now she has 38 trucks left. How many trucks did Sarah have to start with?",3
"At a farming supply store 2 pounds of seed cost $44.68. If a farmer needed 6 pounds of seeds, how much would it cost him?",7
"Five years ago, Nancy was thrice as old as Sam. Ten years later, Nancy will be twice as old as Sam. How old are Nancy and Sam?",12
"Mrs. Hilt saw an iPod for sale. The price tag said the iPod cost $128, but a sign announced that it was on sale for ""35% off."" How much would the iPod cost after the discount?",7
"Last year, Jared used 8 bottles of shampoo and 10 bottles of conditioner. His sister, Cora, used 4 bottles of shampoo and 5 bottles of conditioner. Who used a higher ratio of shampoo to conditioner last year?",16
Mikey had 356 leaves. Some of her leaves blew away. Now she has 112 leaves left. How many of her leaves blew away?,2
"Two numbers are in the ratio 1:3. If I add 2 to each of the numbers, the ratio becomes 1:2. Find the original numbers.",17
"A vase can hold 5 flowers. If you had 25 flowers, how many vases would you need?",4
"Sam cut equal-length pieces of ribbon from a 3,730-cm long ribbon. If each piece was 73 cm long, how many 73 cm pieces of ribbon did Sam make?",12
"A new building needed 14 windows. The builder had already installed 5 of them. If it takes 4 hours to install each window, how long will it take him to install the rest?",15
A fast food restaurant had 3 boxes of chicken nuggets for $19.53. A competing restaurant had 2 boxes of chicken fingers for $13.12. Which food has a higher unit price?,7
"For homework, a student had to complete 15 problems total. If she finished 6 problems in class, what is the ratio of problems she still needs to complete to problems that she's already finished?",0
"Annie is about to celebrate her birthday next week so her friends decided to throw her a surprise birthday party. Jessica, Annie's best friend, is hosting the party. She plans on making pizza for everyone. If she bought 15 pieces of pepperoni, 10 pieces of salami and 30 pieces of bacon as meat ingredients, how many pieces of meat did she buy in total?",3
"At a school event, adults are seated in groups of exactly 17 and children are seated in groups of exactly 15. If there are the same number of adults as children, what is the minimum number of adults attending?",14
A fast food restaurant had ninety-one hotdogs. After selling some they had twenty left. What's the difference between the number of hotdogs before selling and after selling?,3
"A Girl Scout camp served half of their granola with breakfast. After dinner, they put the remaining 6250 g of granola on top of their yogurt dessert. How many kilograms of granola did the Girl Scout camp start with?",7
A rectangular roof shingle is 10 inches long and 7 inches wide. What is its area?,8
"Megan had five hundred sixteen pennies. She wanted to place the pennies into nine stacks, with the same amount in each stack. How many more pennies would she need so all the stacks would be equal?",18
"Thanksgiving came and their family hosted their building's Thanksgiving dinner. They prepared a lot of food so she asked her parents if they could donate some to the soup kitchen next bock. If they prepared 36 turkeys and gave 18 of it to the soup kitchen, how many were left for them to eat?",3
Cade had 87 marbles. He gave 8 to Dylan. How many does he have left?,3
"Cody made 12 dollars mowing lawns over the summer. If he charged 4 bucks for each lawn, how many lawns did he mow?",4
"Sam has 389 riddles for 18 of his students to guess. If he wants the students to guess the same number of riddles, at least how many more riddles does he need to distribute?",0
Some oranges were in the basket. Five oranges were taken from the basket. Now there are three oranges. How many oranges were in the basket before some of the oranges were taken?,18
"A furniture store had fifteen chairs. After selling some, there was three left. How many chairs did they sell?",0
"Jane's mom picked cherry tomatoes from their backyard. If she gathered 56 cherry tomatoes and is about to place them in small jars which can contain 8 cherry tomatoes at a time, how many jars will she need?",4
"Brenda's mother made cookies for five. If she prepared 35 cookies and each of them had the same number of cookies, how many did each of them have?",4
"There are 396 students going to a trivia competition. If each school van can hold 9 students, how many vans will they need?",10
I have 28 cents in my pocket. How coins could I have on minimization?,10
"A waiter had eighteen customers. If six left, how many customers would the waiter still have?",0
"Jerry's freezer had 30 ice cubes in it. If he had to get ice for 6 cups, how many pieces should he put in each cup to make them have the same amount?",4
Tina had a large collection of beanie babies. She gave 8 beanie babies to her cousin. She gave half that amount to her sister. She gave 36 beanie babies to needy children. She kept 12 for herself. How many beanie babies were in Tina's collection at first?,1
"At Billy's Restaurant a group with two adults and five children came in to eat. If each meal cost three dollars, how much was the bill?",6
It is 2:00. What time will it be in three hours and forty-five minutes?,7
"After agreeing that the school menu needs to be changed, they had a vote for food suggestions. If 337 voted to add more veggies to the menu and 335 voted to add more meat, how many students voted?",2
At the produce store you can buy 2 bags of bananas for $12.46. How much would it cost if you were to buy 6 bags?,7
Marcus has 210 baseball cards. He has 58 more than Carter. How many baseball cards does Carter have?,2
Roger went to the movies fifteen times last year and three times this year. How many times did Roger go to the movies all together?,0
There were six roses in the vase. Jessica cut some more roses from her flower garden. There are now eighteen roses in the vase. How many roses did she cut ?,0
"Sarah could send ten text messages a day. If she sent eight, how many text messages does she have left she can send?",18
Joan is baking a cake. The recipe calls for 7 cups of flour. She already put in 3 cups. How many more cups does she need to add ?,18
"The cafeteria had fifty-one apples. For lunch they handed out forty-one to students and decided to use the rest to make pies. If each pie takes five apples, how many pies could they make?",5
Maria had fifty sheets of paper in her desk and forty-one more in her backpack. How many did she have total?,3
"Kaleb has to sell 710 chocolate bars to get a prize. If each box contains 5 chocolate bars, how many boxes does he need to sell?",10
"After paying 6 dollars for the pie, Sandy has 57 dollars left. How much money did she have before buying the pie ?",3
"Upon finishing the treehouse, Charlie's mother served them freshly baked cookies. If Charlie ate 15 cookies, his father ate 10 and his mother only ate 5, how many cookies were eaten in total?",3
Sally memorized eight poems. After some time she could only recite three of them. How many poems did she forget?,18
Oceanside Bike Rental Shop charges a 17 dollar fixed fee plus 7 dollars an hour for renting a bike. Mary paid 80 dollars to rent a bike. How many hours did she pay to have the bike checked out ?,13
"I am three times as old as my son. Five years later, I shall be two and a half times as old as my son. How old am I and how old is my son?",17
"A P.E. teacher needs to divide 14 male students and 7 female students into teams, each with the same combination of male students and female students and nobody left out. What is the greatest number of teams that can be formed?",14
"The very first thing that Rachel tried when they reached England was the food. If she ate 276 grams of bacon and 147 grams of sausages, how much food did she eat in total?",2
58 children are taking a bus to the zoo. They sit 2 children in every seat. How many seats will the children need in all?,4
A company donates 935 pencils to a school. The pencils are divided evenly among 9 classrooms. The rest of the pencils are given to the library. How many pencils were donated to the library?,10
Ethan and Frank went rowing. Ethan rowed the boat from 10:50 to 11:15. Frank rowed the boat twice as long. How long did the boys row the boat altogether?,7
Mrs. Snyder made 86 heart cookies. She made 36 red cookies and the rest are pink. How many pink cookies did she make?,3
Two neon signs are turned on at the same time. both signs blink as they are turned on. One sign blinks every 9 seconds. The other sign blinks every 15 seconds. In how many seconds will they blink together again?,14
I have 28 cents in my pocket. How coins could I have on minimization?,4
A sofa and a love seat together costs $444. The sofa costs double the love seat. How much do they each cost?,13
"Mike is serving vegetables at a soup kitchen. He has 15 carrot sticks and 10 baby potatoes that he wants to divide evenly, with no food left over. What is the greatest number of plates Mike can prepare?",14
Thrice the sum of a number and 2 equals 24 added with the same number. Write algebraic equation and find the number.,13
"At the fair Kaleb bought 6 tickets. After riding the ferris wheel he had 3 tickets left. If each ticket cost 9 dollars, how much money did Kaleb spend riding the ferris wheel?",4
"After recess, Buddy changed clothes for gym class. Down at the gym, all the students were divided into two groups. If one group has 34 members and the other has 37, how many students are in Buddy's gym class?",3
Seven times a two digit is equal to four times the number obtained by reversing the order of digits and the sum of the digits is 3. Find the number.,17
Adam had seventy-nine dollars saved up. After doing some chores his mother gave him another thirteen dollars. How much money does he have total?,3
Gino has 63 popsicle sticks. I have 50 popsicle sticks. What is the sum of our popsicle sticks?,2
"If five is subtracted from three times a certain number, the result is 10. What is the number?",13
"Mr. Lee harvested 495 apples and he packed them evenly in some baskets. If there are 25 apples in each basket, how many baskets of apples are there?",12
Ted and Fred measured their height. Their total height is 98 inches. Ted is 39 inches tall. How tall is Fred?,3
"Daniel has 44 commemorative plates and 33 commemorative spoons. He wants to display them in groups throughout his house, each with the same combination of plates and spoons, with none left over. What is the greatest number of groups Daniel can display?",14
Lukas averages 12 points per game in basketball. How many points would he score in 5 games?,4
Debby received twenty-one text messages before noon and another eighteen after noon. How many text messages did Debby receive total?,3
15 students split 122 portfolios of paintings. Each student should get the same number of portfolios. How many portfolios of paintings will each of them get?,12
"The Razorback T-shirt Shop ordered 12 cases of t-shirts. If each case contains 24 t-shirts, how many t-shirts did they order?",9
"Jerry was playing the ring toss at the carnival. All together he used forty-eight rings. If each game you get six rings, how many games did he play?",4
Shirley sold 54 boxes of Trefoils. How many cases of 6 boxes does Shirley need to deliver?,4
"Adam picked thirty-five strawberries. After eating some, he had thirty-three left. How many strawberries did Adam eat?",3
For the school bake sale Amy made pastries. She baked 15 cupcakes and 48 cookies. After the sale she had 12 to take back home. How many pastries did she sell?,3
"Mr. Lee wants to load 134 tons of his fruits. A large truck can load 15 tons of fruits and small truck can load 7 tons. In order to use the least number of trucks and have every truck fully occupied, how many small trucks should be used?",4
Lindsey has 16 cans of regular soda and 8 cans of diet soda. She wants to create some identical refreshment tables that will operate during the football game. She also doesn't want to have any sodas left over. What is the greatest number of refreshment tables that Lindsey can stock?,14
"While playing a game Sam had ninety-two points. If he scored another three points, how many points would he have total?",3
Oliver collected two seashells from the beach on Monday and two more on Tuesday. How many seashells did Oliver collect all together?,18
"A parking lot has 117 spaces total. If 36 of the spaces have cars in them, what is the ratio of empty spaces to filled spaces?",15
Zoe is on vacation. She has already taken 28 pictures. She has enough film left to take 32 more pictures. Zoe took 16 more pictures at the dolphin show. How many pictures has Zoe taken altogether?,3
"Packages of cheddar cheese come with 12 slices, while packages of Swiss cheese come with 28 slices. If Randy bought the same number of slices of each type of cheese, what is the smallest number of slices of each type that Randy could have bought?",14
Two bicycle enthusiasts are leaving Cincinnati at the same time. One is biking 840 miles to Boston. The other is biking 440 miles to Atlanta. What is the greatest number of miles a day each can bike if they want to cover equal distances each day?,14
"After counting all her money, she went to her mom and had all her savings exchanged into whole $100 bills. After the exchange, she has 8 pieces of $100 bills. How much was total amount of Michelle's savings?",9
I have 28 cents in my pocket. How coins could I have on minimization?,18
"After paying $2.30 for a drink, Bryon has $17.15. How much money did he have before buying the drink?",7
"Jane's dad brought home 24 marble potatoes. If Jane's mom made potato salad for lunch and served an equal amount of potatoes to Jane, herself and her husband, how many potatoes did each of them have?",13
94 students signed up for computer classes. There were 24 second graders and 29 third graders. The rest of the students were fourth graders. How many fourth graders took computer classes?,1
For Bianca's birthday 5 of her friends gave her 6 dollars. How much money did she get for her birthday?,4
"Last season, Lisa's soccer team won 8 games and lost 6 games. Her cousin Susan's team won 17 games and lost 14 games. Which team had a higher ratio of wins to losses?",16
"Lenny has $84. He spent $24 on video games, and $21 at the grocery store. How much does Lenny have left?",3
532 people are watching a movie in a theater. The theater has 750 seats. How many seats are empty in the theater?,2
"At the fair there were 10 people in line for the bumper cars. If 2 of them got tired of waiting and left and 2 more got in line, how many people would be in line?",18
Adam has $5.00 to buy an airplane that costs $4.28. How much change will he get?,7
"Shaquira is baking cookies to put in packages for a fundraiser. Shaquira has made 86 chocolate chip cookies and 42 sugar cookies. Shaquira wants to create identical packages of cookies to sell, and she must use all of the cookies. What is the greatest number of identical packages that Shaquira can make?",14
"There was 1,050 ml of tea in a pot. Anna poured the tea into some cups. If there were 65 ml of tea in each cup, how much tea was left in the pot?",12
"Tom used 2 batteries on his flashlights, 15 in his toys and 2 in his controllers. What's the difference between the number of Tom's batteries on flashlights and in toys?",0
"Jason had 27 peaches and 17 pears left at his roadside fruit stand. He went to the orchard and picked more peaches to stock up the stand. There are now 90 peaches at the stand, how many did he pick ?",3
"Kristen found gift bags in packs of 12 and bows in packs of 5. If Kristen wanted to have the same number of gift bags as bows, what is the smallest number of gift bags she would have to buy?",14
Mrs. Hilt wants to make a border around her garden. She needs 125 rocks to complete the border. She has 64 rocks. How many more rocks does she need to complete the border?,2
"A small school has 55 students. If 10 of the students are boys, what is the ratio of girls to boys?",15
Rebecca wants to split a collection of eggs into groups of 2. Rebecca has 16 eggs and 3 marbles. How many groups will be created?,4
"Two numbers are in the ratio 1:3. If I add 2 to each of the numbers, the ratio becomes 1:2. Find the original numbers.",16
In fourth grade there were 35 students at the start of the year. During the year 10 students left and 10 new students came to school. How many students were in fourth grade at the end?,3
"On Monday, three hundred ninety-six students went on a trip to the zoo. All seven buses were filled and four students had to travel in cars. How many students were in each bus ?",13
"Jack is reading a 285-page book. If he reads 23 pages per day, how many pages will he read on the last day?",12
"Lana had eleven DS games. If she bought two more games, how many would she have total?",0
"A food company has seven hundred seventy-seven kilograms of food to put into boxes. If each box gets exactly two kilograms, how many full boxes will they have?",10
Evan delivers packages in a building. He started on the first floor and went up 7 floors. He went down 3 floors and then up 16 floors. Then he was only 2 floors away from the top of the building. How many floors are in the building altogether?,1
"Robin is making bead necklaces. She wants to use 31 beads to make 4 necklaces. If she wants each necklace to have the same number of beads, how many beads will she have left over?",10
"At the first day back in school, her parents bought her different colored pens. If her parents bought her 56 pens and she gave 22 of those to her friends, how many pens were left for her to use?",3
"I want to plant 45 sunflower plants, 81 corn plants and 63 tomato plants in my garden. If I put the same number of plants in each row and each row has only one type of plant, what is the greatest number of plants I can put in one row?",14
The distance travelled by Ben and Tim is in the ratio 3:4. The distance travelled by Ben is 18 miles. Find the distance travelled by Tim.,16
"Kevin can mow a square lawn that is 30 meters of each side in 45 minutes. If he works at the same rate, how many minutes will it take Kevin to mow a square lawn that measures 60 meters on each side?",7
Katie had twelve pencils in her desk and three more in her backpack. How many did she have total?,0
"The school cafeteria had 17 apples. If they used 2 to make lunch for the students and then bought 23 more, how many apples would they have?",1
Kristen notices an identical number of two types of insects in her neighborhood: butterflies and fireflies. She always seems to observe butterflies in groups of 44 and fireflies in groups of 17. What is the smallest number of butterflies that she could have seen?,14
"Amy travelled 300 km by train and 200 km by taxi, it took him 5 hours 30 minutes. But if he travels 260 km by train and 240 km by taxi he takes 6 minutes longer. Find the speed of train and taxi.",17
Jenny was told to clean up her room in fourteen days or she could not go to her best friend's birthday party. It is three days left but Jenny has cleaned up her room. How many days did she spend?,0
"Last month, Ivan spent 20 hours watching TV and 14 hours reading. The same month, Brenna spent 11 hours watching TV and 10 hours reading. Who had a higher ratio of time spent watching TV to time spent reading?",16
"There are some passengers on a bus. At a bus stop, 7 more passengers got on the bus and 9 passengers got off. If there are 26 passengers in the bus in the end, how many passengers were there at first?",3
"While shopping for music online, Zoe bought three country albums and five pop albums. Each album came with a lyric sheet and had three songs. How many songs did Zoe buy total?",5
"Some deer families are also moving out to avoid the shortage of grass that will result from occasional blizzards. If there are 79 deer families in the area and around 45 of them stayed, how many deer families moved out?",3
"There are 270 seats in a movie theater. If the movie theater has 9 sections with the same number of seats in each section, how many seats are in each section?",10
An architect built a house with ten bedrooms total. If the second floor had two bedrooms. How many bedrooms does the first floor have?,18
I see 23 boys. How many eyes do I see?,4
A certain number added twice to itself equals 96. What is the number?,13
"My car gets 20 miles per gallon of gas. If Grandma's house is 100 miles away, how many gallons of gas would it take to get to her house?",4
"Rita is buying flower bulbs for her garden. She wants to buy the same number of tulips and daffodils. If tulip bulbs come in packs of 15 and daffodil bulbs come in packs of 16, what is the least number of each type of bulb Rita will need to buy?",14
"She also decided to contribute to the collection of the Museum of Natural History. After donating some of her bug collection, she was left with 39 bug species. If she originally has 98 bug species, how many did she donate?",3
Mrs. Hilt has 15 friends. She can only take 8 of her friends to the movies. How many friends can't go to the movies?,0
"Her friends are coming over the next day so she also bought some refreshments. If she has $50.00 left from the money she had after buying cookies, and she has $69.00 before, how much did she spend on juice?",3
"Their last stop before leaving the zoo is the bird museum. There, they went through 7 bird exhibits, spending 9 minutes going around each exhibit. How much time did they spend going through the museum?",4
Math Magazine charges $8 per square inch for advertising. Jason decides to order a half page ad. Each page of the magazine measures 9 inches by 12 inches. How much will Jason have to pay?,8
Mom made 32 chocolate chip cookies. It took 24 minutes to mix the ingredients and 16 minutes to bake. Julie and Matt ate 9 cookies after dinner. How many cookies were left?,3
"Andrew is having his friends over for game night. So he decided to prepare the snacks and the games. He started by making mini sandwiches. If he has 4 friends coming over and he made 3 sandwiches for each one of them, how many sandwiches did he make in total?",4
"While building the house, Charlie noticed that they were running out of nails so he told his father he's going to buy some. If they still have 9 nails left and Charlie bought 2 boxes of nails, the big one containing 55 nails and the small one containing 31, how many nails will they have?",3
"Mr. Fortree, a businessman also gave seedlings for the tree planting activity. If he gave 14 seedlings of cedar and 38 seedlings of pine, how many seedlings did he give in total?",3
A recipe for cookies calls for 3 cups of sugar. Katie has already put in half a cup. How many more cups does she need to put in?,7
35 campers went rowing in the morning. 27 campers went rowing in the afternoon. How many campers went rowing in all?,3
"At summer camp the ratio of boys to girls was 10:1. If there were 30 boys, how many girls were there?",16
Kim has 4 cousins. She wants to give each one 5 pieces of gum. How much gum will she need?,4
"A company invited sixty-eight people to a luncheon, but fifty of them didn't show up. If the tables they had held three people each, how many tables do they need?",6
Skittles come in packages of 6. Juan ate 24 Skittles. How many Skittles does he have left?,10
"There are 43 students and 1720 apples. Each student has 9 Skittles. If the apples are divided equally among the students,how many does each student get?",12
Mrs. Hilt spent 25 cents on one caramel apple and 15 cents on one ice cream cone. How much more did the apple cost?,3
"A container can hold four orange slices. If a company had three hundred twenty-nine orange slices to put into containers, how many more slices would they need to fill up the last container?",10
"On Martin's first stroke, his golf ball traveled 4/5 of the distance to the hole. On his second stroke, the ball went into the hole. Martin was standing 79 meters from the hole as he took his second stroke. How many kilometers from the hole was Martin when he started?",7
He also had 8 aquariums for saltwater animals. Each aquarium has 64 animals in it. How many saltwater animals does Tyler have?,9
A number added with thrice a number is 20. Convert this statement into algebraic equations and find the number.,13
"Mrs. Hilt's favorite first grade classes are baking muffins. Mrs. Brier's class bakes 18 muffins, Mrs. MacAdams's class bakes 20 muffins, and Mrs. Flannery's class bakes 17 muffins. How many muffins does first grade bake in all?",3
Rosa is making a game board that is 16 inches by 24 inches. She wants to use square tiles. What is the largest tile she can use?,14
"I have 648 pencils. If I put 4 pencils in each pencil box, how many pencil boxes will I fill?",10
"An ice machine had 294 ice cubes in it. If you were filling up 7 ice chests and each chest got the same number of cubes, how many ice cubes would each chest get?",10
The area of square photo is 25 square inches. Angie decided to enlarge the photo by doubling the sides. What will the new area be?,8
"Paul got a box of 479 crayons for his birthday. At the end of the school year, he only had 134 left. How many crayons had been lost or given away?",2
Mrs. Hilt bought 3 pizzas for $8 each. What was the total amount she paid for the three pizzas?,4
"It takes 4 ounces of cheese to make a burrito and 9 ounces for a taco. If you wanted 7 burritos and 1 taco, how many ounces of cheese would you need?",11
"Since the result of the vote was close, it was decided that they will balance the menu with both meat and vegetables. This decision was agreed upon by 154 third grade students and 237 fourth grade students. How many students agreed with the decision?",2
"A chef needs to cook 12 potatoes. He has already cooked 6. If each potato takes 6 minutes to cook, how long will it take him to cook the rest?",5
"The coach bought 2 extra large pizzas for the team. There were 32 slices of pizza totally. After the team ate some of the slices, there were 7 slices left. How many slices of pizza did the team eat?",3
"When Jenna works out, she spends 18 minutes doing cardio and 20 minutes doing resistance training. Leon's workout consists of 17 minutes of cardio and 18 minutes of resistance training. Who does a higher ratio of cardio to resistance training?",16
"In 3 seconds, Kevin can dribble a basketball 13 times. If Kevin dribbles at this same rate for 27 seconds, how many times will he dribble the basketball?",16
"Kevin can mow a square lawn that is 30 meters of each side in 45 minutes. If he works at the same rate, how many minutes will it take Kevin to mow a square lawn that measures 60 meters on each side?",16
"The exit door leads to a river 487 inches across, if the bridge he needs to cross is only 295 inches, how much longer does he need to build if he wants to cross the river using the bridge?",7
"Mrs. Dalloway made 85 tarts. If she wants to fill 10 boxes with the same number of tarts, how many more tarts should she make?",10
"There are 3300 bananas in Janice's banana collection. Janice also has 5 crayons. If the bananas are organized into 75 groups, how big is each group?",12
One zoo guide spoke to a group of 19 children. Another guide spoke to a group of 25 children. There are 22 guides at the zoo. How many children did the zoo guides speak to?,3
"Bianca had 45 coloring books. If she gave away 6 of them, but then bought 20 more, how many would she have total?",3
"An industrial machine can make three hundred twenty-one crayons a day. If each box of crayons has seven crayons in it, how many full boxes does the machine make a day?",10
"A rectangle flower bed had a total area of 35 square yards. If it was 5 yards wide, how long was it?",4
"Three workers are working to cut the trees. Worker X can cut a tree every 16 min, Worker Y every 32 min and Worker C every 24 min. If they start cutting three trees at the same time at 7:48, at what time will they start cutting trees at the same time again?",7
John bought some cupcakes for a party. During the party eleven were eaten. Now he has twenty-one left. How many cupcakes did John get for the party?,3
"Bob strikes the drums every 9 seconds and the cymbals every 12 seconds. If he just struck both at the same time, how many seconds will pass before he again strikes them at the same time?",14
"After 15 years, Ariel will be four times as old as she is now. Determine her present age.",13
"Mona is having a party at her house to celebrate her birthday. She invited some friends and family. Mona prepared rainbow colored cupcakes for dessert. If she made 7 sets for each of the 7 colors of the rainbow and each set has 6 cupcakes, how many cupcakes did Mona prepare in total?",4
Marin has nine apples and Donald has two apples. How many apples do Marin and Donald have together?,0
Brian has 39 pencils. He gives 18 pencils to a friend. He buys 22 more pencils. How many pencils does Brian have now?,3
"Instead of buying from the store, Melody made Christmas cards for the elderly in a nursing home. She had 99 blue sequins which she plans to use as snowflakes for the cards. If she distributes the sequins equally to 12 cards, how many sequins will Melody have left?",12
At the arcade Billy had won forty-eight tickets. After buying a yoyo he had thirty-two tickets left. How many tickets did the yoyo cost?,3
"Bianca wanted to drink exactly 5 bottles of water each day, so she bought 47 bottles when they were on sale. How many more bottles will she need to buy on the last day?",18
The woods behind Wendy's house were 8 miles wide and have an area of 24 square miles. What is the length of the woods?,8
Rebecca wants to split a collection of eggs into groups of 2. Rebecca has 16 eggs and 3 marbles. How many groups will be created?,4
Ned was buying books about astronomy. He bought 8 books about the planets and 4 about the space program. How many books did he buy total?,0
Ned ordered some pizzas for a party. During the party four were eaten. Now he has seven left. How many pizzas did Ned order for the party?,0
Teacher buys 4 black pens and 4 blue pens for students as awards. How many pens does the teacher buy altogether?,18
If Lewis earns $1367.00 every week during the 5 weeks of harvest. How much money does he earn during harvest season?,9
A group of science students went on a field trip. They took 2 vans and 3 buses. There were 8 people in each van and 20 people in each bus. How many people went on the field trip?,11
"Three workers are working to cut the trees. Worker X can cut a tree every 16 min, Worker Y every 32 min and Worker C every 24 min. If they start cutting three trees at the same time at 7:48, at what time will they start cutting trees at the same time again?",12
"Virginia had 13 Sweettarts. If Virginia gave equal numbers of Sweettarts to her 4 friends and then she ate what was left, how many Sweettarts did each person eat?",5
"A box of cupcakes cost $six. If you had eight hundred twenty-one dollars and bought as many boxes as you could, how much money would you have left?",10
"Lex read a 420 page book about music and instruments. If he can read exactly 30 pages a day, how many days will it take Lex to finish reading the book?",12
A baker made 2 batches of chocolate chip cookies. Each batch had 3 cookies in it. Then he made an additional 4 oatmeal cookies just in case someone didn't want chocolate chip. How many cookies did he bake total?,5
There are 43 empty seats and 7 occupied seats on an airplane. What is the ratio of the number of occupied seats to the total number of seats?,3
A pet store sold 2 kittens and 1 puppy over the weekend. The kittens sold for $6 each and the puppy sold for $5. How much money did they earn from selling the pets?,4
"At a comic convention Janet wanted to buy 8 comics, but each one costs 4 dollars, plus it costs 2 to even get in. How much money should she take with her so she can get in and buy what she wants?",5
"A pet store needs to put 23 birds into birdcages. Each birdcage can hold 4 birds. 
What is the least number of cages the pet store needs to hold all the birds? 
 A 7 
 B 6 
 C 5 
 D 4 

",11
"Which model shows a way to multiply 3 by 14? 
 A y2015_grade4_q5_img_1.png 
 B y2015_grade4_q5_img_2.png 
 C y2015_grade4_q5_img_3.png 
 D y2015_grade4_q5_img_4.png 

",9
"Mr. Jones put 162 books on the library shelves. There are 6 shelves. He put the same number of books on each shelf. How many books did Mr. Jones put on each shelf? 
 A 22 
 B 26 
 C 27 
 D 28 

",10
"The length and width of a field are shown in the diagram below. 
y2015_grade4_q21_img_1.png 
a. {'element_type': 'text-plain', 'element_value': 'What is the perimeter, in feet, of the field? Show or explain how you got your answer.'} 
b. {'element_type': 'text-plain', 'element_value': 'What is the area, in square feet, of the field? Show or explain how you got your answer.'} 
Both the length and the width of the field will be increased by 10 feet. 
c. {'element_type': 'text-plain', 'element_value': 'What will be the new area, in square feet, of the field? Show or explain how you got your answer.'} 
",8
"Cement is shipped in bags. Each bag weighs 80 pounds. A construction worker needs 1,250 pounds of cement to complete a job. 
What is the total number of bags of cement that should be shipped for the construction worker to complete the job? 
 A 14 
 B 15 
 C 16 
 D 17 

",12
"Leigh wants to find the number of ounces of pretzels in a 4-pound container. She knows the ratio of ounces to pounds is 16 : 1. 
Which of the following equations can Leigh use to find x, the number of ounces of pretzels in the 4-pound container? 
 A $$\frac{x ounces}{4 pounds} = \frac{16 ounces}{1 pound}$$ 
 B $$\frac{x ounces}{4 pounds} = \frac{1 pound}{16 ounces}$$ 
 C $$\frac{4 ounces}{x ounces} = \frac{16 pounds}{1 pound}$$ 
 D $$\frac{4 pounds}{x ounces} = \frac{16 pounds}{1 ounce}$$ 

",16
"Each meal at a school cafeteria is served with 2 portions of vegetables. What is the ratio of meals served to portions of vegetables served at the school cafeteria? 
 A 1 : 2 
 B 1 : 3 
 C 2 : 1 
 D 3 : 1 

",15
"Madison finished \frac{4}{5}$$ of her homework before dinner. What percent of Madison’s homework is left to finish? 
 A 15% 
 B 20% 
 C 45% 
 D 80% 

",16
"All of the benches in a park are red or blue. The ratio of red benches to blue benches in the park is 3 : 4. 
Based on this information, which of the following statements is true? 
 A For every 4 benches in the park, 3 are red. 
 B For every 7 benches in the park, 4 are red. 
 C For every 3 red benches in the park, there are 4 blue benches. 
 D For every 3 red benches in the park, there are 7 blue benches. 

",15
"Sean’s height is 1.8 meters. What is Sean’s height in centimeters? 
 A 0.018 centimeter 
 B 0.18 centimeter 
 C 18 centimeters 
 D 180 centimeters 

",16
"Two bands are marching in a parade. 
 2_1 There are 32 people marching in the first band. 
 2_2 There are 40 people marching in the second band. 
 2_3 The same number of people are marching in each row in both bands. 

What is the greatest number of people that could be marching in each row? 
 A 2 
 B 4 
 C 8 
 D 10 

",14
"A pet store has 5 fish tanks with 10 fish in each tank. A shopper buys 8 fish and takes them home. 
After the shopper leaves the store, what is the total number of fish left in the pet store’s tanks? 
 A 23 
 B 42 
 C 50 
 D 58 

",6
"Christopher planted 24 bean plants in his garden. He placed the bean plants in 4 rows. Each row had the same number of plants. 
a. {'element_type': 'text-plain', 'element_value': 'Draw an array to show how Christopher placed all the bean plants in his garden.'} 
b. {'element_type': 'text-plain', 'element_value': 'How many bean plants did Christopher place in each row?'} 
",4
"Carl sold cookies and pies at a bake sale to earn money. 
 2_1 A bag of cookies sells for $3. 
 2_2 A pie sells for $8. 

a. {'element_type': 'number+text', 'element_value': 'Carl sold 4 bags of cookies and 2 pies during the first hour of the bake sale. What is the total amount of money, in dollars, Carl earned during the first hour of the bake sale? Show or explain how you got your answer.'} 
b. {'element_type': 'number+text', 'element_value': 'Ms. O’Hara bought 2 bags of cookies and 1 pie from Carl. She paid with a $20 bill. What is the total amount of change, in dollars, Ms. O’Hara should receive? Show or explain how you got your answer.'} 
Vanessa sold cakes at the same bake sale. 
c. {'element_type': 'number+text', 'element_value': 'Mr. Stanley bought 1 bag of cookies and 2 pies from Carl. Mr. Stanley also spent $11 to buy a cake from Vanessa at the bake sale. Write an equation to show m, the total amount of money, in dollars, Mr. Stanley spent at the bake sale.'} 
d. {'element_type': 'text-plain', 'element_value': 'Solve the equation you wrote in part (c) to find the total amount of money, in dollars, Mr. Stanley spent at the bake sale. Show your work.'} 
",11
"Nathan is using the area model below to solve a problem. 
y2016_grade4_q8_img_1.png 
Which problem is represented by the whole area model? 
 A $$12 \times 6 = \square$$ 
 B $$16 \times 13 = \square$$ 
 C $$20 \times 9 = \square$$ 
 D $$60 \times 90 = \square$$ 

",9
"A class of 29 students is taking a field trip to the zoo. Each ticket to the zoo costs $15. 
Which of these expressions can be used to find the total cost, in dollars, of the tickets to the zoo? 
 A $$\left(29 + 10\right) + \left(29 + 5\right)$$ 
 B $$\left(29 \times 10\right) + \left(29 \times 5\right)$$ 
 C $$\left(29 + 10\right) \times \left(29 + 5\right)$$ 
 D $$\left(29 \times 10\right) \times \left(29 \times 5\right)$$ 

",9
"A diagram of Parvati’s garden and the lengths of all its sides are shown below. 
Parvati’s Garden y2016_grade4_q20_img_1.png 
Parvati wants to put a fence around her whole garden. What is the least number of yards of fence she will need? 
 A 24 yards 
 B 28 yards 
 C 36 yards 
 D 48 yards 

",8
"The diagram below shows some model airplanes and some model ships. 
y2016_grade6_q1_img_1.png 
What is the ratio of the number of model airplanes to the number of model ships? 
 A 8 : 3 
 B 5 : 3 
 C 3 : 8 
 D 3 : 5 

",15
"The table below shows the amount, in pounds, of snow that Andy can remove over time using a shovel. 
Snow Removal Using a Shovel y2016_grade6_q8_img_1.png 
a. {'element_type': 'number+text', 'element_value': 'Based on the table, what is the amount, in pounds, of snow that Andy can remove in 5 minutes using a shovel? Show or explain how you got your answer.'} 
On the grid in your Student Answer Booklet, copy the x-axis, the y-axis, and the labels exactly as shown below. 
y2016_grade6_q8_img_2.png 
b. {'element_type': 'text-plain', 'element_value': 'On your grid, plot the data from the table to show the amount of snow that Andy can remove over time.'} 
c. {'element_type': 'number+text', 'element_value': 'Based on your graph, what is the amount, in pounds, of snow that Andy can remove in 10 minutes? Show or explain how you got your answer.'} 
",16
"A radio station manager has $1000 in prize money to give away. She will give away $50 in prize money each hour. 
Which of the following expressions represents the amount of prize money the radio station manager will have left to give away after h hours, where h is any number of hours? 
 A $$1000 + 50h$$ 
 B $$1000h + 50$$ 
 C $$1000 - 50h$$ 
 D $$1000h - 50$$ 

",13
"Elijah wrote two numbers that follow the rules in the box below. 
 2_1 Both numbers are less than 10. 
 2_2 Both numbers are whole numbers. 
 2_3 The least common multiple of the numbers is 18. 
 2_4 The greatest common factor of the numbers is 3. 

What two numbers did Elijah write? 
",14
"Mr. Felton will use exactly 42 feet of fencing to surround a garden that is in the shape of a rectangle. His garden has a length of 12 feet. The equation below represents the perimeter of Mr. Felton’s garden. 
$$ w + w + 12 + 12 = 42 $$ 
What is $$w$$, the width, in feet, of Mr. Felton’s garden? 
Enter your answer in the box. 
",8
"There are 720 students at a school. All the students at the school are going on a field trip to a science museum. The students will ride school buses to the museum. Each bus holds 60 students when completely full. 
Part A 
What is the least number of buses needed to take all the students from the school to the science museum? Show or explain how you got your answer. 
Enter your answer and your work or explanation in the space provided. 
Part B 
Write an equation to represent the problem you solved in Part A. 
Enter your equation in the space provided. Enter only your equation. 
Part C 
The school can also use smaller buses to take the students to the museum. Each smaller bus holds 50 students when completely full. 
What is the least number of smaller buses needed to take all the students from the school to the science museum? Show or explain how you got your answer. 
Enter your answer and your work or explanation in the space provided. 
",12
"Mr. Johnson’s class has 24 students. 
 2_1 There are 18 students in the class who study Spanish. 
 2_2 The other students in the class study French. 

In Mr. Johnson’s class, which of the following is the ratio of students who study French to students who study Spanish? 
 A $$ 1:3 $$ 
 B $$ 1:4 $$ 
 C $$ 2:3 $$ 
 D $$ 3:4 $$ 

",15
"Nathan had 24 balloons. He gave some of his balloons to 3 friends. He gave each friend 5 balloons. 
How many balloons does Nathan have now? 
Enter your answer in the answer boxes at the top of the answer grid and completely fill the matching circles. 
y2018_grade3_q30_img_1.png 
",6
"What value of p makes this equation true? 
$$ 3,032 \div p = 8 $$ 
 A 354 
 B 375 
 C 379 
 D 382 

",10
"The owner of a new store is printing 7,520 coupons. The coupons will be sent to 32 locations. Each location will receive the same number of coupons. What is the total number of coupons each location will receive? 
Enter your answer in the answer boxes at the top of the answer grid and completely fill the matching circles. 
",12
"A pumpkin patch has a width of 432 inches. What is the width of the pumpkin patch in yards? 
Enter your answer in the answer boxes at the top of the answer grid and completely fill the matching circles. 
",16
"Victoria scored a total of 9 points in the first basketball game of the season. She scored 5 points per game in each of the other x basketball games she played that season. 
Which of the following expressions represents the total number of points Victoria scored in the basketball games for the whole season? 
 A $$ 5x $$ 
 B $$ 14x $$ 
 C $$ 5 + 9x $$ 
 D $$ 9 + 5x $$ 

",13
"Sophia mixed paint in a bucket. For every three cups of yellow paint she put in the bucket, she mixed in one cup of white paint. 
What is the ratio of yellow paint to white paint in Sophia’s mixture? 
 A 3:1 
 B 1:3 
 C 3:4 
 D 4:3 

",15
"This question has three parts. 
At the grand opening of a store, the owner gave away stickers and T-shirts to some of the customers. 
 3_1 A total of 180 customers visited the store at the grand opening. 
 3_2 Every 10th customer received a free sticker. 
 3_3 Every 25th customer received a free T-shirt. 

Part A 
What is the total number of customers who received a free sticker? Show or explain how you got your answer. 
Enter your answer and your work or explanation in the space provided. 
Part B 
What is the total number of customers who received a free T-shirt? Show or explain how you got your answer. 
Enter your answer and your work or explanation in the space provided. 
Part C 
What is the total number of customers who received both a free sticker and a free T-shirt? Show or explain how you got your answer. 
Enter your answer and your work or explanation in the space provided. 
",14
"Ethan’s car can travel 30 miles per gallon of gasoline. Gasoline costs $4 per gallon, including tax. Ethan drove his car 180 miles on a trip. 
What was the total cost, in dollars, of the gasoline that the car used for Ethan’s trip? 
Enter your answer in the answer boxes at the top of the answer grid and completely fill the matching circles. 
",16
"A bowl of punch is made by mixing 3 parts juice to 1 part soda. Which of the following statements about the punch is not true? 
 A Soda makes up $$ \frac{1}{4} $$ of the punch. 
 B Juice makes up $$ \frac{3}{4} $$ of the punch. 
 C The amount of soda in the punch is $$ \frac{1}{2} $$ the amount of juice in the punch. 
 D The amount of juice in the punch is 3 times the amount of soda in the punch. 

",15
"The scale on a map shows that 1 inch represents 18 miles. The distance on the map between Olivia’s town and her grandmother’s town is 4.5 inches. 
What is the actual distance between the two towns? 
 A 4 miles 
 B 22.5 miles 
 C 72.5 miles 
 D 81 miles 

",16
"Harry bought 2 books. Each book cost $4. He paid with a $20 bill. 
How much change should Harry get back? 
 A $6 
 B $8 
 C $12 
 D $14 

",6
"Abe has 16 pins in one box and 17 pins in another box. He is hanging posters with the pins. Abe uses 4 pins to hang each poster. 
What is the total number of posters Abe can hang with the pins? 
 A $$ \frac{23}{4} $$ posters 
 B $$ \frac{33}{4} $$ posters 
 C 8 posters 
 D 9 posters 

",11
"Anna made a diagram of her room and labeled the length and width, as shown. 
y2019_grade4_q20_img_1.png 
What is the area of Anna’s room? 
 A 44 square feet 
 B 100 square feet 
 C 120 square feet 
 D 144 square feet 

",8
"There are 144 pages in a book. Conner will read 16 pages of the book each night. Which equation can be used to find t, the total number of nights it will take Conner to read the entire book? 
 A $$ 144 \div 16 = t $$ 
 B $$ 144 \times t = 16 $$ 
 C $$ 16 \times 144 = t $$ 
 D $$ t \div 16 = 144 $$ 

",12
"A farmer picked oranges and put them all into 9 boxes. Each box had the same number of oranges. 
Which of the following could be the number of oranges the farmer picked? 
 A 299 
 B 281 
 C 273 
 D 261 

",14
"Robin reads 5 pages of a book in 4 minutes. Based on this rate, what is the total number of minutes it will take Robin to read 200 pages? 
 A 100 minutes 
 B 160 minutes 
 C 200 minutes 
 D 250 minutes 

",16
"A basket of fruit contains 6 apples, 5 oranges, 3 bananas, and 2 limes. 
Which of the following statements about the fruits in the basket are true? 
Select the two correct statements. 
 A The ratio of oranges to limes is $$ 5:2 $$. 
 B The ratio of apples to bananas is $$ 3:6 $$. 
 C The ratio of bananas to the total number of fruits in the basket is $$ 3:16 $$. 
 D The ratio of limes to apples is $$ 1:4 $$ because there are 4 more apples than limes. 
 E The ratio of bananas to limes is $$ 2:3 $$ because $$ \frac{2}{3} $$ of the fruits in the basket are bananas. 

",15
"On Saturday, a gymnast walked a distance of x miles. On Sunday, the gymnast walked half the distance that he walked on Saturday. 
Which expression represents the total number of miles the gymnast walked on Saturday and Sunday? 
 A $$ x - \frac{x}{2} $$ 
 B $$ x + \frac{x}{2} $$ 
 C $$ \frac{x-x}{2} $$ 
 D $$ \frac{x+x}{2} $$ 

",13
"A book club has 36 members. There are 24 boys and 12 girls in the club. What is the ratio of the number of boys in the club to the number of girls in the club? 
 A $$ 12:24 $$ 
 B $$ 24:12 $$ 
 C $$ 24:36 $$ 
 D $$ 36:24 $$ 

",15
"The ratio of mass to volume for a type of metal is 27 grams to 10 cubic centimeters. A sample of the metal has a mass of 81 grams. 
What is the volume, in cubic centimeters, of the sample of metal? 
 A 30 
 B 64 
 C 118 
 D 810 

",16
"Janette had 32 pencils to share with 4 friends. She gave each friend the same number of pencils. 
What is the total number of pencils Janette gave each friend? 
 A 36 
 B 28 
 C 8 
 D 7 

",4
"A group of 12 friends are going skating. Some of the friends will rent skates. 
 2_1 5 of the friends will not rent skates. 
 2_2 The remaining friends will each rent skates for $3.00. 

Which of these number lines shows a point that represents the total amount, in dollars, the group will pay to rent skates? 
 A Total Amount (dollars) y2021_grade3_q13_img_1.png 
 B Total Amount (dollars) y2021_grade3_q13_img_2.png 
 C Total Amount (dollars) y2021_grade3_q13_img_3.png 
 D Total Amount (dollars) y2021_grade3_q13_img_4.png 

",6
"A sign is in the shape of a square. Each side of the sign has a length of 6 inches. 
What is the area of the sign? 
 A 12 square inches 
 B 24 square inches 
 C 36 square inches 
 D 48 square inches 

",8
"This question has four parts. Be sure to label each part of your response. 
This clock shows the time that Cary woke up this morning. 
y2021_grade4_q14_img_1.png 
A. {'element_type': 'text-plain', 'element_value': 'At what time did Cary wake up? Be sure to label your answer with a.m. or p.m.'} 
B. {'element_type': 'number+text', 'element_value': 'Cary left for school 1 hour and 15 minutes after he woke up. At what time did Cary leave for school? Show or explain how you got your answer.'} 
C. {'element_type': 'number+text', 'element_value': 'Cary left school at 3:40. He ate lunch 4 hours before he left school. At what time did Cary eat lunch? Show or explain how you got your answer.'} 
D. {'element_type': 'number+text', 'element_value': 'Cary has 45 minutes of homework. His favorite TV show is at 5:30. What is the latest time Cary can start his homework to be finished at 5:30? Show or explain how you got your answer.'} 
",7
"Alonzo and Mindy are buying pretzels to share with their class. They will put all the pretzels into bags. 
 2_1 Alonzo buys 8 pretzels. 
 2_2 Mindy buys 3 times as many pretzels as Alonzo. 
 2_3 Each bag will hold up to 5 pretzels. 

Alonzo and Mindy want to know the least number of bags they need to hold all the pretzels. 
Which of these statements are true? 
Select the two correct answers. 
 A Alonzo and Mindy have a total of 24 pretzels. 
 B Alonzo and Mindy have a total of 32 pretzels. 
 C Alonzo and Mindy need 5 bags to hold all the pretzels. 
 D Alonzo and Mindy need 6 bags to hold all the pretzels. 
 E Alonzo and Mindy need 7 bags to hold all the pretzels. 

",11
"An electrician will use the following wires for a project: 
 2_1 4 red wires that are each 36 inches in length 
 2_2 2 blue wires that are each 84 inches in length 

The electrician wants to cut all the wires into equal-sized pieces of the greatest possible length. 
Which of the following is true? 
 A The greatest length the electrician can cut the wires into is 6 inches. The total number of pieces the electrician will have after the wires are cut is 26. 
 B The greatest length the electrician can cut the wires into is 6 inches. The total number of pieces the electrician will have after the wires are cut is 51. 
 C The greatest length the electrician can cut the wires into is 12 inches. The total number of pieces the electrician will have after the wires are cut is 26. 
 D The greatest length the electrician can cut the wires into is 12 inches. The total number of pieces the electrician will have after the wires are cut is 51. 

",14
"A new office building will have 640 workers. A construction code requires that new buildings have 2 restrooms for every 80 workers in the building. 
Based on the construction code, what is the total number of restrooms the new office building must have? 
 A 4 
 B 8 
 C 12 
 D 16 

",16
"This question has four parts. Be sure to label each part of your response. 
On Monday, there were 18 chickens and 12 sheep in a field. There were no other animals in the field. 
A. {'element_type': 'text-plain', 'element_value': 'What was the ratio of chickens to sheep in the field on Monday?'} 
B. {'element_type': 'number+text', 'element_value': 'For every 2 sheep in the field on Monday, how many chickens were in the field? Show or explain how you got your answer.'} 
C. {'element_type': 'text+math_expression', 'element_value': 'The ratio $$ 3:5 $$ can also be used to describe a relationship between the animals in the field on Monday. What relationship could this ratio describe? Show or explain how you got your answer.'} 
D. {'element_type': 'number+text', 'element_value': 'On Tuesday, there were 4 more sheep in the field. Write a ratio to show the relationship between the number of sheep and the total number of animals in the field on Tuesday. Show or explain how you got your answer.'} 
",15
"A plumber charges a rate of $45 for each hour of work. 
Which of the following is true? 
 A An expression that represents the amount, in dollars, that the plumber will charge for x hours of work is $$ 45x $$ . At this rate, for 2 hours of work the plumber will charge $47. 
 B An expression that represents the amount, in dollars, that the plumber will charge for x hours of work is $$ 45x $$ . At this rate, for 2 hours of work the plumber will charge $90. 
 C An expression that represents the amount, in dollars, that the plumber will charge for x hours of work is $$ 45 + x $$ . At this rate, for 2 hours of work the plumber will charge $47. 
 D An expression that represents the amount, in dollars, that the plumber will charge for x hours of work is $$ 45 + x $$ . At this rate, for 2 hours of work the plumber will charge $90. 

",13
"A student sold candy bars on Monday, Tuesday, and Wednesday. 
 2_1 She sold a total of 125 candy bars over the three days. 
 2_2 She sold 67 candy bars on Monday. 
 2_3 She sold 19 candy bars on Tuesday. 

What is the total number of candy bars the student sold on Wednesday? 
 A 39 
 B 58 
 C 86 
 D 211 

",6
"There are 48 students in a library. The students are working in groups. Each group has 6 students. 
Which equation can be used to find n, the number of groups of students working in the library? 
 A $$ 48 \div 6 = n $$ 
 B $$ n \div 6 = 48 $$ 
 C $$ 48 \times 6 = n $$ 
 D $$ n \times 48 = 6 $$ 

",4
"Which of these statements are correct? 
Select the three correct answers. 
 A $$ 36 \div p = 4 $$ has a related multiplication fact of $$ p \times 4 = 36 $$. 
 B $$ 36 \div p = 4 $$ has a related multiplication fact of $$ 36 \times p = 4 $$. 
 C $$ s \div 7 = 5 $$ has a related multiplication fact of $$ s \times 5 = 7 $$. 
 D $$ s \div 7 = 5 $$ has a related multiplication fact of $$ 7 \times 5 = s $$. 
 E $$ 72 \div 12 $$ = a has a related multiplication fact of $$ a \times 12 = 72 $$. 
 F $$ 72 \div 12 = a $$ has a related multiplication fact of $$ a \times 72 = 12 $$. 

",10
"This question has four parts. Be sure to label each part of your response. 
There is a garden, a patio, and a flower bed in the backyard of a house. The garden, the patio, and the flower bed are each in the shape of a rectangle. 
A. [{'element_id': 'A_1', 'element_type': 'number+text', 'element_value': 'The garden has a length of 4 feet and a width of 8 feet, as shown in this diagram.'}, {'element_id': 'A_2', 'element_type': 'image-2d_geometry', 'image_filename': 'y2022_grade4_q8_img_1.png'}, {'element_id': 'A_3', 'element_type': 'text-plain', 'element_value': 'What is the area, in square feet, of the garden?'}] 
B. [{'element_id': 'B_1', 'element_type': 'number+text', 'element_value': 'The patio has a length of 5 feet and an area of 35 square feet.'}, {'element_id': 'B_2', 'element_type': 'text-plain', 'element_value': 'What is the width, in feet, of the patio? Show or explain how you got your answer.'}] 
C. [{'element_id': 'C_1', 'element_type': 'text-plain', 'element_value': 'The owner of the house thinks the garden and the patio have the same perimeter.'}, {'element_id': 'C_2', 'element_type': 'text-plain', 'element_value': 'Is the owner correct? Explain your reasoning.'}] 
D. [{'element_id': 'D_1', 'element_type': 'text-plain', 'element_value': 'The area of the flower bed is less than the area of the garden. The perimeter of the flower bed is equal to the perimeter of the patio.'}, {'element_id': 'D_2', 'element_type': 'text-plain', 'element_value': 'What could be the length and the width of the flower bed? Explain how you know your answer is correct.'}] 
",8
"A teacher has 8 sheets of stickers for decorating posters. 
 2_1 Each sheet has 10 stickers. 
 2_2 Each poster will have exactly 3 stickers. 

What is the greatest number of posters the teacher can decorate? 
 A 25 posters 
 B 26 posters 
 C 27 posters 
 D 28 posters 

",11
"Lashawn knows this number sentence is true. 
$$ 4 \times 7 = 28 $$ 
What is the value of $$ \boxed{?} $$ that makes this number sentence true? 
$$ 4 \times 700 = \boxed{?} $$ 
Enter your answer in the answer boxes at the top of the answer grid and completely fill the matching circles. 
y2022_grade4_q12_img_1.png 
",9
"A factory worker packed 1,576 cans of corn into boxes. The worker put 8 cans of corn into each box. 
What is the total number of boxes the worker packed? 
 A 160 
 B 176 
 C 192 
 D 197 

",12
"Members of a club are selling boxes of cookies. Each box of cookies costs the same amount. This table shows the total cost for different numbers of boxes of cookies. 
Costs of Cookie Boxes y2022_grade6_q1_img_1.png 
Based on the data in the table, what would be the total cost, in dollars, of 10 boxes of cookies? 
Enter your answer in the answer boxes at the top of the answer grid and completely fill the matching circles. 
y2022_grade6_q1_img_2.png 
",16
"This picture shows a display of model cars and model airplanes at a store. 
y2022_grade6_q3_img_1.png 
Which ratios show the relationship of the number of model cars to the number of model airplanes in the picture? 
Select the two correct answers. 
 A $$ 1:1 $$ 
 B $$ 1:2 $$ 
 C $$ 1:5 $$ 
 D $$ 5:5 $$ 
 E $$ 5:10 $$ 

",15
"A box has a mass of 50 grams. Marbles will be added to the box. Each marble has a mass of 3 grams. 
If n represents any number of marbles in the box, which expression can be used to find the total mass, in grams, of the box and the marbles? 
 A $$ 50n − 3 $$ 
 B $$ 50 − 3n $$ 
 C $$ 50n + 3 $$ 
 D $$ 50 + 3n $$ 

",13
"A farmer is planting carrot seeds and pepper seeds in his garden. For every 60 carrot seeds the farmer plants, he plants 12 pepper seeds. 
Based on this information, which of the following statements is true? 
 A The ratio of pepper seeds to carrot seeds is 60:12 because 60 pepper seeds are planted for every 12 carrot seeds. 
 B The ratio of pepper seeds to carrot seeds is 60:12 because there are always 48 fewer carrot seeds planted than pepper seeds. 
 C The ratio of pepper seeds to carrot seeds is 12:60 because 12 pepper seeds are planted for every 60 carrot seeds. 
 D The ratio of pepper seeds to carrot seeds is 12:60 because there are always 48 fewer pepper seeds planted than carrot seeds. 

",15
"This question has two parts. 
A piece of wire has a length of 110 inches. 
Part A 
Which of the following measures is equivalent to the length of the wire? 
 A 9 feet 
 B 9 feet 2 inches 
 C 9 feet 10 inches 
 D 10 feet 

Part B 
The wire is cut into two pieces. The first piece of wire has a length of 64 centimeters. Which of the following is the approximate length of the second piece of wire? 
 A 46 inches 
 B 116.8 centimeters 
 C 215.4 centimeters 
 D 266 inches 

",16
"Kevin has 54 toy cars. He put all of them into rows of 6 cars each. 
How many rows of toy cars does Kevin have? 
 A 6 
 B 7 
 C 8 
 D 9 

",4
"This question has three parts. Be sure to label each part of your response. 
A doctor works in her office 5 days each week. Each day she works, she drives a total of 19 miles to and from her office. 
A. {'element_type': 'text-plain', 'element_value': 'What is the total distance, in miles, the doctor drives to and from her office each week? Show or explain how you got your answer.'} 
B. [{'element_id': 'B_1', 'element_type': 'number+text', 'element_value': 'The doctor worked 48 weeks last year.'}, {'element_id': 'B_2', 'element_type': 'text-plain', 'element_value': 'What is the total distance, in miles, she drove to and from her office last year? Show or explain how you got your answer.'}] 
C. [{'element_id': 'C_1', 'element_type': 'number+text', 'element_value': 'The doctor worked the same number of weeks each year for the last 7 years.'}, {'element_id': 'C_2', 'element_type': 'number+text', 'element_value': 'What is the total distance, in miles, the doctor drove to and from her office over the last 7 years? Show or explain how you got your answer.'}] 
",9
"A rectangle has a width of 5 inches and a length of 4 inches. 
Which of these equations shows the perimeter, in inches, of the rectangle? 
 A $$ 5 + 4 = 9 $$ 
 B $$ 5 \times 4 = 20 $$ 
 C $$ 2 + 5 \times 2 + 4 = 16 $$ 
 D $$ 2 \times 5 + 2 \times 4 = 18 $$ 

",8
"Find the quotient. 
$$ 6,880 \div 32 $$ 
Enter your answer in the answer boxes at the top of the answer grid and completely fill the matching circles. 
y2023_grade5_q19_img_1.png 
",12
"A zookeeper counted the birds at a zoo. He recorded the following number of birds for each type of bird: 
 2_1 21 flamingos 
 2_2 24 penguins 
 2_3 6 storks 

Which relationship between the different types of birds at the zoo can be represented by the ratio $$ 7:8 $$? 
 A flamingos to storks 
 B flamingos to penguins 
 C storks to all birds at the zoo 
 D penguins to all birds at the zoo 

",15
"At a middle school, the sixth-grade students and seventh-grade students collected cans for recycling. 
 2_1 Of the 2000 cans the sixth-grade students collected, $$ 65 \% $$ were soda cans. 
 2_2 Of the 1500 cans the seventh-grade students collected, $$ 80 \% $$ were soda cans. 

Which of the following statements about the numbers of soda cans the students collected are true? 
Select the two correct answers. 
 A The sixth-grade students collected 1200 soda cans. 
 B The sixth-grade students collected 1875 soda cans. 
 C The sixth-grade students collected 1300 soda cans. 
 D The seventh-grade students collected 1200 soda cans. 
 E The seventh-grade students collected 1875 soda cans. 
 F The seventh-grade students collected 1300 soda cans. 

",16
"Diego writes 6 poems per week. 
Which of the following expressions can be used to show the number of poems Diego writes in w weeks? 
 A $$ 6 \div w $$ 
 B $$ 6 \times w $$ 
 C $$ 6 + w $$ 
 D $$ 6 - w $$ 

",13
"This question has two parts. 
A cookie recipe requires the following ingredients: 
 3_1 $$ \frac{1}{2} cup of butter 
 3_2 3 cups of flour 
 3_3 2 cups of sugar 

A chef will make several batches of cookies using the recipe. 
Part A 
Which of the following statements about the ratios of the ingredients in the recipe is true? 
 A There are 4 cups of butter for every 1 cup of sugar. 
 B There are 4 cups of sugar for every 1 cup of butter. 
 C There are 4 cups of flour for every 1 cup of sugar. 
 D There are 4 cups of sugar for every 1 cup of flour. 

Part B 
Which of the following statements about the ratios of the ingredients in the recipe is true? 
 A There are $$ \frac{3}{2} $$ cups of flour for every 1 cup of sugar. 
 B There are $$ \frac{3}{2} $$ cups of sugar for every 1 cup of flour. 
 C There are $$ \frac{3}{2} $$ cups of butter for every 1 cup of sugar. 
 D There are $$ \frac{3}{2} $$ cups of sugar for every 1 cup of butter. 

",16
